name,category
Bier met tequila smaak,alcohol
Bio Terre Siciliane,alcohol
Camaro Caliente,alcohol
Chenin Blanc,alcohol
Chenin Blanc ZA,alcohol
"Desperados blik 0,5l",alcohol
Desperados blik 50cl,alcohol
Fris en fruitig w ZA,alcohol
Fris en fruitig wit Z-A,alcohol
Premium pils,alcohol
Premium pils 6-pack,alcohol
Radler,alcohol
Südafrika sauvig.bl.,alcohol
Tequila bier blik,alcohol
Valdepeñas Viura/Airen,alcohol
Baguet. merz. bake-off,brood & bakkerij
Baguette meerzaden,brood & bakkerij
Baguette steenoven,brood & bakkerij
Baguette steenoven wit,brood & bakkerij
Baguette wit,brood & bakkerij
Batard meergranen,brood & bakkerij
Beschuit naturel,brood & bakkerij
Boerenbruin heel Lan,brood & bakkerij
"Boerenbruinbrood, he",brood & bakkerij
"Boerentarwe, half brood",brood & bakkerij
Breekbrood,brood & bakkerij
"Bruinbrood, heel bro",brood & bakkerij
"Bruinbrood, heel brood",brood & bakkerij
"Bruine bollen, 10x50g",brood & bakkerij
Chocobroodje bake-of,brood & bakkerij
Chocobroodje bake-off,brood & bakkerij
Ciabatta,brood & bakkerij
Croissant bake-off,brood & bakkerij
Croissant ham/kaas,brood & bakkerij
Croissant kaas bake-off,brood & bakkerij
Croissant meergranen,brood & bakkerij
Croissants in blik,brood & bakkerij
"Fijn volkoren, heel",brood & bakkerij
Frans stokbrood,brood & bakkerij
Frikandelbroodje,brood & bakkerij
Italiaanse bol BO,brood & bakkerij
Italiaanse bollen ZAV,brood & bakkerij
Kids volkorenbrood,brood & bakkerij
Kippenvleesbrood,brood & bakkerij
Kokosbrood,brood & bakkerij
Krentenbollen 6 stk.,brood & bakkerij
"Meergranenbrood, half",brood & bakkerij
"Meergranenbrood, hee",brood & bakkerij
"Meergranenbrood, heel",brood & bakkerij
Melba toast naturel,brood & bakkerij
Mini crackers,brood & bakkerij
Mini rozijnenbollen,brood & bakkerij
Mini snackbroodjes,brood & bakkerij
Mini tortilla wraps,brood & bakkerij
Mini volk. rozijnbol,brood & bakkerij
Mini volk. rozijnbollen,brood & bakkerij
Ontbijtk. ongesneden,brood & bakkerij
Ontbijtkoek ongesneden,brood & bakkerij
Oranje tompoucen,brood & bakkerij
Pistolet,brood & bakkerij
Poffertjes,brood & bakkerij
Rb. croissants 4 stuks,brood & bakkerij
Roombotercroissant,brood & bakkerij
Roze tompoucen,brood & bakkerij
Rustieke baquettes,brood & bakkerij
Saucijzenbroodje,brood & bakkerij
Tijgerbruin brood LL,brood & bakkerij
"Tijgerbruin, heel",brood & bakkerij
Tijgervolk. brood LL,brood & bakkerij
Tijgervolkoren brood LL,brood & bakkerij
Tortilla Wraps,brood & bakkerij
Turksbrood,brood & bakkerij
Witte bollen 10x50g,brood & bakkerij
Witte bollen XXL,brood & bakkerij
Witte mini puntjes,brood & bakkerij
Wraps 8x20cm,brood & bakkerij
Wraps naturel,brood & bakkerij
Wraps naturel mini,brood & bakkerij
Wraps volkoren,brood & bakkerij
100% Pindakaas,broodbeleg
Amb. salade ei bacon,broodbeleg
Amb. salade kip kerrie,broodbeleg
Amb. salade pittige kip,broodbeleg
Baba Ganoush,broodbeleg
Beenham salade,broodbeleg
Boemboe Ajam Paniki,broodbeleg
Broodsal. eiersalade,broodbeleg
Caesar salade,broodbeleg
Caesarsalade,broodbeleg
Calvé pindakaas,broodbeleg
Caram.-popc. spread,broodbeleg
Dip 'n Spread,broodbeleg
Duo hazelnootpasta,broodbeleg
eiersalade surinaams,broodbeleg
Farmersalade,broodbeleg
Frisse tonijnsalade,broodbeleg
Gevuld eitje salade,broodbeleg
Hazelnootpasta 13%,broodbeleg
Houmous,broodbeleg
Houmous tomaat,broodbeleg
Hummus,broodbeleg
Hummus pikant,broodbeleg
Hummus tomaat,broodbeleg
Kip kerrie pittig BL,broodbeleg
Kip pesto salade BL,broodbeleg
Kip samurai salade,broodbeleg
Kip samuraisalade,broodbeleg
Kip satésalade,broodbeleg
Kipkerriesalade,broodbeleg
Kipsalade,broodbeleg
Krabsalade,broodbeleg
Nutella 400gr,broodbeleg
Oude kaas salade,broodbeleg
Pesto kaas spread,broodbeleg
Pindakaas,broodbeleg
Pindakaas 100% XXL,broodbeleg
Pindakaas kruidnot.,broodbeleg
Pindakaas met noot,broodbeleg
Pittige kipkerriesalade,broodbeleg
Rauwkostsalade,broodbeleg
Rinse appelstroop,broodbeleg
Salade komkommer-tomaat,broodbeleg
Salsa dip,broodbeleg
Sandwich spread,broodbeleg
Smeerkaas natur. 20+,broodbeleg
Smeerkaas naturel 20+,broodbeleg
Speculoospasta,broodbeleg
Surinaamse eisalade,broodbeleg
Trio tapenade,broodbeleg
Tzatziki,broodbeleg
Veggiespread,broodbeleg
Vrije uitloop-eisalade,broodbeleg
Zuivelspread,broodbeleg
2in1 douchegel kids,drogisterij
Deo roller women,drogisterij
Droogshampoo,drogisterij
Galzeep,drogisterij
Gezichtscrème,drogisterij
Hairvital crèmespoeling,drogisterij
Keelpastilles,drogisterij
Kindertandenborstel,drogisterij
Kindertandpasta,drogisterij
Men douchegel & shampoo,drogisterij
Navul zeep,drogisterij
Paracetamol,drogisterij
Pleisters,drogisterij
Reinigingsmelk/tonic,drogisterij
RXT ibuprofen 200mg,drogisterij
RXT paracetamol 500mg,drogisterij
Shampoo iedere dag,drogisterij
Shampoo voor elke dag,drogisterij
Tampons,drogisterij
Tandenborstels perfect.,drogisterij
Tandhygiëne,drogisterij
Tandpasta speciaal,drogisterij
Vloeibare handzeep XXL,drogisterij
Vloeibare zeep XXL,drogisterij
Wattenschijfjes,drogisterij
Cassis / cassis zero,frisdrank & sap
Citroen / Limoensap,frisdrank & sap
Coca Cola,frisdrank & sap
Cola 0% suiker,frisdrank & sap
Cola blikjes,frisdrank & sap
Cola ZZ/Light,frisdrank & sap
Diamond frisdrank,frisdrank & sap
Energy drink,frisdrank & sap
Energy drink light,frisdrank & sap
Energy drink XXL,frisdrank & sap
Framboos siroop 0%,frisdrank & sap
Frambozen siroop,frisdrank & sap
Fruit shoot ijspops,frisdrank & sap
Hero cassis zero,frisdrank & sap
High proteïne drink,frisdrank & sap
Ice coffee,frisdrank & sap
Italiaans water,frisdrank & sap
Jus,frisdrank & sap
Karvan Cevitam z. aard.,frisdrank & sap
Min water 1.5l bruis,frisdrank & sap
Min water 1.5l bruisend,frisdrank & sap
Min water 1.5l L. br,frisdrank & sap
Min water 1.5l L. bruis,frisdrank & sap
Min. water 1.5l bru.,frisdrank & sap
"Mineraal. Kool. 9x0,5l",frisdrank & sap
"Mineraalwater 1,5l",frisdrank & sap
Mineraalwater 1.5l,frisdrank & sap
Mineraalwater bruis.,frisdrank & sap
Mineraalwater Medium,frisdrank & sap
Monster energy,frisdrank & sap
Monster energy zero,frisdrank & sap
Monster Mango Loco,frisdrank & sap
Monster ultra,frisdrank & sap
"Pils 0,0%",frisdrank & sap
Raak zero siroop,frisdrank & sap
Rivella,frisdrank & sap
Rivella 1.5l,frisdrank & sap
Rode vruchtdrink GST,frisdrank & sap
Rode vruchtendrink GST,frisdrank & sap
Rode-vruchtendrink,frisdrank & sap
Sinas 0% lemon 0%,frisdrank & sap
Taksi geen suiker toeg.,frisdrank & sap
Taksi trop. geen su.,frisdrank & sap
Taksi trop. geen suiker,frisdrank & sap
Taksi tropisch fruit,frisdrank & sap
Teisseire Kids Apple.,frisdrank & sap
Teisseire pina col. 0%,frisdrank & sap
Teisseire tropical 0%,frisdrank & sap
Tikkie tropical,frisdrank & sap
Vers sap sinaas 1L,frisdrank & sap
Vers sap sinaasap 500,frisdrank & sap
Vers sap sinaasappel,frisdrank & sap
Vlugge Japie,frisdrank & sap
Vruchtenmix siroop,frisdrank & sap
Aardappel iets kruim,groente & fruit
Aardappel zoet,groente & fruit
Aardappel zoet oranje,groente & fruit
Aardappelpartjes,groente & fruit
Aardappelschijfjes,groente & fruit
Aardbeien,groente & fruit
Aardbeien NL,groente & fruit
Ananas,groente & fruit
Appel Elstar los,groente & fruit
Appel Elstar tas,groente & fruit
Appel Evelina tas,groente & fruit
Appel Jonagold tas,groente & fruit
Appel Royal Gala schaal,groente & fruit
Avocado,groente & fruit
Bananen,groente & fruit
Bessen blauw,groente & fruit
Blauwe Bessen,groente & fruit
Bloemkool,groente & fruit
Broccoli,groente & fruit
Broccoli mix,groente & fruit
Champignons,groente & fruit
Cherrytomaten,groente & fruit
Citroen Diamond,groente & fruit
Citroenen,groente & fruit
Cocktail Trostomaten,groente & fruit
Courgette groen,groente & fruit
Diepvries blauwe bessen,groente & fruit
Diepvries fruit,groente & fruit
Diepvriesgroente,groente & fruit
Druiven mix,groente & fruit
Druiven rood pitloos,groente & fruit
Druiven wit pitloos,groente & fruit
DV Bloemkoolrijst,groente & fruit
DV brocc / bloemkool,groente & fruit
DV brocc/bloemkool,groente & fruit
Erwten/wortelmix,groente & fruit
Fruit king,groente & fruit
Gebakken uitjes,groente & fruit
Gedr Tomaten in olie,groente & fruit
Gekruide aardappel,groente & fruit
Gekruide minikrieltjes,groente & fruit
Geschilde asperges,groente & fruit
Groene aspergetips,groente & fruit
Groente friet,groente & fruit
Groenteschijf,groente & fruit
Helder appel-peer,groente & fruit
Helder framboos-bosbes,groente & fruit
Hollandse asperges,groente & fruit
Hollandse roerbakgroen.,groente & fruit
IJsbergsla,groente & fruit
IJsbergsla naturel gesn,groente & fruit
Jonge bladsla,groente & fruit
Kastanje champignons,groente & fruit
Kinderappels,groente & fruit
Kiwi gold los,groente & fruit
Kiwi gold schaal,groente & fruit
Knolselderij,groente & fruit
Komkommer,groente & fruit
Kropsla met kluit,groente & fruit
Limoenen,groente & fruit
Mais supersweet,groente & fruit
Mandarijnen,groente & fruit
Mango,groente & fruit
Meloen Cantaloupe,groente & fruit
Meloen Galia,groente & fruit
Mini komkommers,groente & fruit
Mini Romana sla,groente & fruit
Mini-krieltjes,groente & fruit
Opbakaardappelen gekr.,groente & fruit
Paprika mix,groente & fruit
Paprika rood,groente & fruit
Peren Conference,groente & fruit
Perzik Diamond,groente & fruit
Petit Sweet tomaten,groente & fruit
Prei,groente & fruit
Red pearl tomaten,groente & fruit
Red Pearl Trostomaten,groente & fruit
Rivolo cherrytomaatjes,groente & fruit
Rode Bieten Bio,groente & fruit
Rode bieten geschild,groente & fruit
Roma tomaten,groente & fruit
Rucolasla,groente & fruit
Slamix,groente & fruit
Snackradijs,groente & fruit
Snacktomaten,groente & fruit
Snacktomaten mix,groente & fruit
Snacktomaten rood,groente & fruit
Sperziebonen,groente & fruit
Sperziebonen gebroken,groente & fruit
Sperziebonen TK,groente & fruit
Spinazie deelblokjes,groente & fruit
Spinazie gewassen,groente & fruit
Tomaten,groente & fruit
Trostomaten,groente & fruit
Uien geel,groente & fruit
Uien rood,groente & fruit
Waspeen,groente & fruit
Watermeloen,groente & fruit
Watermeloenpart,groente & fruit
winterpeen,groente & fruit
Witte champignons,groente & fruit
Wortelen,groente & fruit
Wortels,groente & fruit
Zoete aardappelfriet,groente & fruit
Zoete puntpaprika,groente & fruit
Zoete rode puntpapri,groente & fruit
Zoete rode puntpaprika,groente & fruit
Zoete romatomaatjes,groente & fruit
Zoete trostomaten,groente & fruit
Zongedroogde tomaten,groente & fruit
Afwasborstel,huishouden
Afwasmiddel geconc.,huishouden
Afwasmiddel geconc. Big,huishouden
Boterhamzakjes,huishouden
Duurzaam schoonmaakmidd,huishouden
Ecologische wasmiddel,huishouden
Keukenpapier 2-laags,huishouden
Keukenpapier 3-laags,huishouden
Keukenrol 2-laags XXL,huishouden
Keukenrollen,huishouden
Luchtverfrisser,huishouden
Pedaalemmerzakken,huishouden
Poetspapier,huishouden
Pure Water Doekjes,huishouden
Reinigingsdoekjes,huishouden
Schoonmaak azijn,huishouden
Schuurspons,huishouden
Spa moments wasmid.,huishouden
Toiletpapier 3-laags,huishouden
Toiletpapier 4-laags,huishouden
Toiletpapier XXL,huishouden
Vaatwasmachinetabs,huishouden
Vaatwasmachinetabs XXL,huishouden
Vaatwastabletten,huishouden
Vaatwastabs all in,huishouden
Vaatwastabs all-in-1,huishouden
Vaatwastabs all-in-one,huishouden
Vochtig toiletpapier,huishouden
Vochtige toetendoekjes,huishouden
Vuilniszak 71x110,huishouden
Vuilniszak lavendelgeur,huishouden
Wasmiddel K&K kleur,huishouden
WC blok,huishouden
WC blok active,huishouden
WC-gel met bleek,huishouden
Zakdoekjes 4-laags,huishouden
Filterkoffie cafeïnevr.,koffie & thee
Groene ijsthee reg/cit.,koffie & thee
High protein koffiedr.,koffie & thee
Koffiebonen rood,koffie & thee
Koffiebonen rood XXL,koffie & thee
Koffiebroodje bake.,koffie & thee
Koffiemelk,koffie & thee
Koffiemelk vol,koffie & thee
Koffiepads,koffie & thee
Koffiepads Dark Roast,koffie & thee
Koffiepads decaf,koffie & thee
Koffiepads regular,koffie & thee
Koffiepads XXL classic,koffie & thee
Kruidenthee Kam./Sterm.,koffie & thee
Oploskoffie Gold,koffie & thee
Oploskoffie granulaat,koffie & thee
Piramide thee SK20,koffie & thee
Rooibos Naturel,koffie & thee
Thee winter/herfst,koffie & thee
Zwarte thee vruchten,koffie & thee
Aardappelkroketten,maaltijden & gemak
Aziatische kipgerechten,maaltijden & gemak
Bami goreng gewokt,maaltijden & gemak
Bapao,maaltijden & gemak
Dinner kit,maaltijden & gemak
Dr. Oetker Tradizionale,maaltijden & gemak
Instant noodles,maaltijden & gemak
Knorr burritos,maaltijden & gemak
Lasagne /Lasagnette,maaltijden & gemak
Maaltijdmix bami/nasi,maaltijden & gemak
Maaltijdmix mac./spagh.,maaltijden & gemak
Maaltijdp. zwarte peper,maaltijden & gemak
Maaltijdpakketten,maaltijden & gemak
Mexicaanse maaltijdpak.,maaltijden & gemak
Nasi / bami pakket,maaltijden & gemak
Nasi Goreng gewokt,maaltijden & gemak
Nescafé latte caramel,maaltijden & gemak
Oven bitterballen BL,maaltijden & gemak
Oven frikandellen,maaltijden & gemak
Oven kroketten,maaltijden & gemak
Picco pizza,maaltijden & gemak
Pizza margherita,maaltijden & gemak
Pizza mozzarella,maaltijden & gemak
Pizza salami,maaltijden & gemak
Pizza vier kazen,maaltijden & gemak
Pizzadeeg met saus,maaltijden & gemak
Quiche,maaltijden & gemak
Risotto,maaltijden & gemak
Risotto maaltijdgerecht,maaltijden & gemak
Spinazie à la crème,maaltijden & gemak
Steenovenpizza speciaal,maaltijden & gemak
Steenovenpizza tonijn,maaltijden & gemak
Vega kaasschnitzel,maaltijden & gemak
Verse pizza pepperoni,maaltijden & gemak
VP Lasagne,maaltijden & gemak
VP Nasi Gore,maaltijden & gemak
VP Toma Soep,maaltijden & gemak
Wokgroenten Japans,maaltijden & gemak
Bakpapier,non-food
Cadeaupapier,non-food
Containerzakken,non-food
Craze bruisbal,non-food
Diepvrieszakjes zip,non-food
Draagtas stevig,non-food
Haakse slijper acces,non-food
Keukenhulpjes,non-food
Magical Torch,non-food
Mini boeken,non-food
Minispray,non-food
Ruitenvloeistof,non-food
Ruitenwisservloeistof,non-food
Spaarkaart Achtertuinmi,non-food
Speciaal borenset,non-food
Trekbandzakken 60l,non-food
Wasgel/waspeeling,non-food
WC-blok vloeibaar,non-food
Boemboe Sajoer,overig voeding
Californische Pistache,overig voeding
Cranberry Diamond,overig voeding
Edamame,overig voeding
Geroosterde amandelen,overig voeding
Grissini Torinesi,overig voeding
Heffing SUP,overig voeding
Jus rund,overig voeding
Kampioentje bake-off,overig voeding
Knoflook vers,overig voeding
Mie nestjes,overig voeding
Mixed Nuts,overig voeding
Napoleon tradition.,overig voeding
Noedels,overig voeding
Pretzel bake-off,overig voeding
Runderbouillonblokjes,overig voeding
Rösti rondjes,overig voeding
Skyr naturel,overig voeding
Skyr to go,overig voeding
Vegetarische rondo,overig voeding
VerspilMijNiet Thema,overig voeding
WTG puur,overig voeding
WTG puur amandel zeezou,overig voeding
Aardappelgolfjes,snoep & snacks
Amandelijsjes,snoep & snacks
Arcobaleno,snoep & snacks
Beef jerky,snoep & snacks
Borrel toast,snoep & snacks
Borrelmix,snoep & snacks
Borrelnoten,snoep & snacks
Boterkoekblokjes,snoep & snacks
Cal. pistache XXL,snoep & snacks
Californische walnoten,snoep & snacks
Cashewnoten,snoep & snacks
Cashewnoten ongez.,snoep & snacks
Cashewnoten ongezouten,snoep & snacks
Chips kettle cooked (T),snoep & snacks
Choco pretzel mix,snoep & snacks
Choco-Bits,snoep & snacks
Choco-pretzelmix,snoep & snacks
Chocolade eitjes,snoep & snacks
Chocolade pinda's,snoep & snacks
Chocolademousse,snoep & snacks
Chocoladepinda's,snoep & snacks
Chocoladevlokken Twink.,snoep & snacks
Donut gesuikerd,snoep & snacks
Donut vanille,snoep & snacks
Duo twists,snoep & snacks
Fruitijsjes gesort 10st,snoep & snacks
Fruitsnack,snoep & snacks
Gemengde drop,snoep & snacks
Gevulde snackballetjes,snoep & snacks
Granenbiscuit,snoep & snacks
Groentechips,snoep & snacks
Haverbiscuits bosvr.,snoep & snacks
Ice pops,snoep & snacks
IJs cookie dough,snoep & snacks
Jelly Beans,snoep & snacks
Kauwgom,snoep & snacks
Kauwgom suikervrij,snoep & snacks
Keelsnoepjes,snoep & snacks
Kruidnoten,snoep & snacks
Lay's bugles,snoep & snacks
Lay's Hamka's 170g,snoep & snacks
Lay's paprika,snoep & snacks
Luxe Paaschocolade,snoep & snacks
Luxe snacktoast,snoep & snacks
Melkchocolade,snoep & snacks
Melkchocolade hazeln,snoep & snacks
Melkchocolade hazelnoot,snoep & snacks
Mini dragees,snoep & snacks
Mini kriel BBQ,snoep & snacks
Mini snacks,snoep & snacks
Mini stars koekjes,snoep & snacks
Muntdrop,snoep & snacks
Neo koekjes,snoep & snacks
Nestlé Smarties mini,snoep & snacks
Notenmelange,snoep & snacks
Notenmelange royal mix,snoep & snacks
Notenmelange XXL,snoep & snacks
Notenmelange XXL SK3,snoep & snacks
Notenmix,snoep & snacks
Oven minisnacks,snoep & snacks
Oven Minisnacks BLK,snoep & snacks
Paaseieren massief,snoep & snacks
Panbake poffertjes,snoep & snacks
Pepita-katjang pedis,snoep & snacks
Pinda's gezouten,snoep & snacks
Pinda's ongezouten,snoep & snacks
Pistachenoten Calif.,snoep & snacks
Pringles,snoep & snacks
Proteine drink choco,snoep & snacks
Pure chocolade,snoep & snacks
Pure chocolade 90%,snoep & snacks
Pure chocolade Arriba,snoep & snacks
Rich tea biscuits,snoep & snacks
Roomijs,snoep & snacks
Royal mix XXL,snoep & snacks
Royalmix nuts XXL,snoep & snacks
Safari koeken,snoep & snacks
Schepijs,snoep & snacks
Scrocchi Grande,snoep & snacks
Slagroomsoesjes,snoep & snacks
Snackaugurken,snoep & snacks
Snackstengels,snoep & snacks
Snickers ice cream bar,snoep & snacks
Snoeprozijntjes,snoep & snacks
Spacerunners,snoep & snacks
Sportlife 4-pack,snoep & snacks
Stroopwafel met kar.,snoep & snacks
Suikerpinda's,snoep & snacks
Suikervrije drop,snoep & snacks
Suikervrije drop SK7,snoep & snacks
Sun lolly Fruitijsjes,snoep & snacks
Sun Lolly waterijs,snoep & snacks
Sun Lolly waterijsjes,snoep & snacks
Super mix ice fun,snoep & snacks
Tiramisu,snoep & snacks
Tortilla chips,snoep & snacks
Uitdeelkoekjes,snoep & snacks
Vanille schepijs,snoep & snacks
Venusio pico's,snoep & snacks
Vlugge Japie koekrepen,snoep & snacks
Volkoren digestives,snoep & snacks
Vruchtenijs,snoep & snacks
Wafelhoorn vanille,snoep & snacks
Walnoten Californië,snoep & snacks
Watermeloen ijs,snoep & snacks
Way to go chocolade,snoep & snacks
Zoete aardappel frites,snoep & snacks
9pak klein PET,statiegeld
[X] Emballage,statiegeld
Blik los statiegeld,statiegeld
Emb. PET-flessen,statiegeld
Emballage PET/Blik,statiegeld
Losse fles klein PET,statiegeld
Losse fles PET groot,statiegeld
Statiegeld Fris Pet fles leeg,statiegeld
Statiegeld Losse fles PET groot,statiegeld
Achterham BL,vlees & vis
Alaska koolvis MSC,vlees & vis
Borrel kipgrillworst,vlees & vis
Boterhamworst rond,vlees & vis
Braadworsten,vlees & vis
Chipolataworstjes,vlees & vis
Cocktailgarnalen,vlees & vis
Corn kipstick,vlees & vis
Dacor pate,vlees & vis
Dr. Oetker Salami,vlees & vis
Edelsalami,vlees & vis
Fijnproeversfilet,vlees & vis
Filet Americain,vlees & vis
Gar. met cockt. dip ASC,vlees & vis
Gegrilde worst SK2,vlees & vis
Gehakt half-om-half,vlees & vis
Gehakt HOH 1kg,vlees & vis
Gehaktbal broodje curry,vlees & vis
Gehaktmix plantaard.,vlees & vis
Gehaktmix plantaardig,vlees & vis
Gemar. BBQ worst BL,vlees & vis
Gemengd gehakt 1kg,vlees & vis
Ger. sockeye zalm MSC,vlees & vis
Gerookte zalm ASC,vlees & vis
Gevogelteworst,vlees & vis
Groene asperges-spek,vlees & vis
Hamblokjes,vlees & vis
Hamburgers,vlees & vis
Kalkoenfilet,vlees & vis
Kip BBQ worst piripi,vlees & vis
Kipchipolata duo,vlees & vis
Kipdijfil. grootverp,vlees & vis
Kipdijfilet,vlees & vis
Kipdijfilet gr. verpak.,vlees & vis
Kipdijfilet gr.verp. BL,vlees & vis
Kipfilet,vlees & vis
Kipfilet 1kg,vlees & vis
Kipfilet 300g,vlees & vis
Kipfilet reepjes,vlees & vis
Kipfiletreepjes BL,vlees & vis
Kipfiletstukjes XXL,vlees & vis
Kipgrillworst plakjes,vlees & vis
Kipnuggets,vlees & vis
Kipsaté stokjes,vlees & vis
Knakworsten 10 stuks,vlees & vis
Lekkerbekje MSC,vlees & vis
Magere rookworst,vlees & vis
MSC vissticks,vlees & vis
Ontbijtspek,vlees & vis
Ossenworst,vlees & vis
PL balletjes,vlees & vis
Rauwe ham,vlees & vis
Rauwe ham klein,vlees & vis
Runderchipolata,vlees & vis
Rundergehakt 15%,vlees & vis
Rundergehakt 16%,vlees & vis
Rundergehakt 300g,vlees & vis
Runderriblappen,vlees & vis
Rundersaucijzen,vlees & vis
Salami Beter Leven,vlees & vis
Scharrel kipdijfilet,vlees & vis
Schouderham,vlees & vis
Schouderham rond,vlees & vis
Schouderham rond BL,vlees & vis
Schouderham rond XXL,vlees & vis
Shoarma,vlees & vis
Speklapjes gemarineerd,vlees & vis
Spekreepjes,vlees & vis
Tapas Gar. in chili ASC,vlees & vis
Tonijn naturel MSC,vlees & vis
Tps. Gar. met aiol. ASC,vlees & vis
Varkenssaté stokje,vlees & vis
Veg. filet american,vlees & vis
Vega balletjes,vlees & vis
Vega kipstukjes,vlees & vis
Vega rulgehakt groot,vlees & vis
Vegan shoarma,vlees & vis
Vissticks MSC,vlees & vis
Wilde zalmfilet MSC,vlees & vis
Wokgarnalen ASC,vlees & vis
Zalmfilet porties,vlees & vis
Zalmfilet porties ASC,vlees & vis
Zalmfilet z.h. ASC,vlees & vis
Aziatische ketjap manis,voorraadkast
Azijn,voorraadkast
Bakmix kokosmakronen,voorraadkast
BBQ sauzen Amerikaans,voorraadkast
Bewust,voorraadkast
Bio pasta,voorraadkast
Calvé mayonaise,voorraadkast
Caribische saus,voorraadkast
Chilisaus,voorraadkast
Droge sauzen champ./ker,voorraadkast
Droge sauzen kaas/ker,voorraadkast
Elite haver,voorraadkast
Farfalle,voorraadkast
Franse mosterd,voorraadkast
Fritessaus halfvol,voorraadkast
Fusilli HWG,voorraadkast
Gedroogde tomatenpasta,voorraadkast
Gnocchi,voorraadkast
Griekse kruiden,voorraadkast
Groene pesto,voorraadkast
Groente pizzabodem,voorraadkast
Halvarine,voorraadkast
Haricots Verts,voorraadkast
Heinz Ketchup 500ML,voorraadkast
Japanse sojasaus,voorraadkast
Kidneybonen,voorraadkast
Kimchi,voorraadkast
Knoflook,voorraadkast
Knoflookkruiden,voorraadkast
Knoflooksaus,voorraadkast
Knorr Italiaans risotto,voorraadkast
Knorr kip tandoori,voorraadkast
Kristalsuiker,voorraadkast
Krokante muesli not.,voorraadkast
Kruidenmix SK1,voorraadkast
Light siropen,voorraadkast
Luxe mayonaise truffel,voorraadkast
Macaroni volkoren,voorraadkast
Margarine active plus,voorraadkast
Margarine bladerdeeg,voorraadkast
Mayonaise,voorraadkast
Mix voor brownies,voorraadkast
Mosterd in glas,voorraadkast
Multivruchten siroop,voorraadkast
Multivruchten siroop 0%,voorraadkast
Olijven zonder pit,voorraadkast
Ontbijtgranen,voorraadkast
Ovenfrites 7x7,voorraadkast
Paneermeel,voorraadkast
Pannenkoekenmix,voorraadkast
Pannenkoekenmix meergr.,voorraadkast
Pannenkoekenmix naturel,voorraadkast
Pannenkoekmix meergr,voorraadkast
Paprika kruiden,voorraadkast
Pastasaus Napoli,voorraadkast
Pastasauzen kaas,voorraadkast
Penne Rigate HWG,voorraadkast
Pesto,voorraadkast
Pesto alla Genovese,voorraadkast
Pijnboompitten,voorraadkast
PL rulgehakt,voorraadkast
Poedersuiker,voorraadkast
Rijst wit 1kg,voorraadkast
Rijst zilvervlies 1kg,voorraadkast
Risotto rijst arborio,voorraadkast
Rode pesto,voorraadkast
Sauzen,voorraadkast
Siroop aardbei 0%,voorraadkast
Sojasaus,voorraadkast
Spaghetti,voorraadkast
Spaghetti 4-eieren,voorraadkast
Suikermais gekookt,voorraadkast
Tafelzout,voorraadkast
Tarwebloem,voorraadkast
Thai sauzen,voorraadkast
Tomatenketchup,voorraadkast
Tomatenpuree,voorraadkast
Tomatenpuree dubbel gec,voorraadkast
Tomatenpuree geconc.,voorraadkast
Vegan rulgehakt,voorraadkast
Verse pasta ongevuld,voorraadkast
Verse pasta ricotta-sp.,voorraadkast
Vlb. margarine basis,voorraadkast
Voorgek. aard. kruimig,voorraadkast
VP Couscous,voorraadkast
Whiskey cocktailsaus,voorraadkast
Woksauzen,voorraadkast
Zelfrijzend bakmeel,voorraadkast
Zonnebloemolie,voorraadkast
30+ jong bel plakken,zuivel & eieren
30+ jong plakken,zuivel & eieren
30+ plakken bel ex bel,zuivel & eieren
Babybel mini,zuivel & eieren
Bio zure room,zuivel & eieren
Camembert,zuivel & eieren
Chocolademelk vol,zuivel & eieren
Creme Fraiche 30%,zuivel & eieren
Crème fraîche 30%,zuivel & eieren
Drinkyoghurt,zuivel & eieren
Duo pudding,zuivel & eieren
Eierkoeken 12 stuks,zuivel & eieren
Franse kwark mager,zuivel & eieren
Geitenkaasschijfjes nat,zuivel & eieren
Geraspte kaas,zuivel & eieren
Gevulde paaseieren,zuivel & eieren
Gouda 30+ belegen st,zuivel & eieren
Gouda 30+ belegen stuk,zuivel & eieren
Gouda 30+ geraspt JB,zuivel & eieren
Gouda 30+ jong bel. st,zuivel & eieren
Gouda 30+ plakken,zuivel & eieren
Gouda 30+jong bel.st,zuivel & eieren
Gouda belegen geraspt,zuivel & eieren
Gouda kaasblokjes oud,zuivel & eieren
Goude 30+ geraspt JB,zuivel & eieren
Goudse 30+ geraspt,zuivel & eieren
Goudse 30+ jong plakken,zuivel & eieren
Goudse belegen 910g,zuivel & eieren
Goudse jong bel stuk,zuivel & eieren
Goudse jong plakken,zuivel & eieren
Goudse jong stuk,zuivel & eieren
Goudse kaasplakken 30+,zuivel & eieren
Grana Padano,zuivel & eieren
Grana Padano 16M,zuivel & eieren
Grana Padano DOP,zuivel & eieren
Griekse yog. 10% XXL,zuivel & eieren
Griekse yoghurt 2%,zuivel & eieren
Griekse yoghurt halfvol,zuivel & eieren
Halfvol.weidemelk h.,zuivel & eieren
Halfvolle choco melk,zuivel & eieren
Halfvolle melk HB 6x200,zuivel & eieren
Halfvolle melk houd.,zuivel & eieren
Halfvolle melk houdb,zuivel & eieren
Halfvolle melk houdbaar,zuivel & eieren
Halfvolle milde yogh,zuivel & eieren
Halfvolle weidemelk h.,zuivel & eieren
High protein kwark,zuivel & eieren
High protein mousse,zuivel & eieren
High Protein pudding,zuivel & eieren
High proteïne kwark,zuivel & eieren
Holl. Gouda jong WM,zuivel & eieren
Kaas snacks,zuivel & eieren
Kaasblokjes extra bel.,zuivel & eieren
Kaasblokjes jong beleg.,zuivel & eieren
Kaasbroodje bake-off,zuivel & eieren
Kaastwister bake-off,zuivel & eieren
Kaaswafeltjes,zuivel & eieren
Kaaszoutjes,zuivel & eieren
Kipster eieren 6st,zuivel & eieren
Koffiemelk halfvol,zuivel & eieren
Kokosmelk,zuivel & eieren
Kookroom,zuivel & eieren
Luchtige vruchtenkwark,zuivel & eieren
Luxe roomijs,zuivel & eieren
Magere Franse kwark,zuivel & eieren
Magere kwark,zuivel & eieren
Magere kwark 1kg,zuivel & eieren
Magere yoghurt,zuivel & eieren
Mascarpone chili dip,zuivel & eieren
Mega scharreleieren10st,zuivel & eieren
Melk hazelnoot boter,zuivel & eieren
Melk hele hazelnoot,zuivel & eieren
Mini mozzarella,zuivel & eieren
Mozzarella classic,zuivel & eieren
Optimel yog. bosvru.,zuivel & eieren
Optimel yog. vanille,zuivel & eieren
Optimel yoghurt bosvr.,zuivel & eieren
Optimel yoghurt vanille,zuivel & eieren
Parmigiano Reggiano,zuivel & eieren
Pecorino kaas,zuivel & eieren
Protein yoghurt,zuivel & eieren
Proteïne drink vanille,zuivel & eieren
Roomboter bladerdeeg,zuivel & eieren
Roomboter gezouten,zuivel & eieren
Roomboter ongezouten,zuivel & eieren
Roomboter puntjes,zuivel & eieren
Roomijs amandel,zuivel & eieren
Roomijs SK67,zuivel & eieren
Roomkaas,zuivel & eieren
Roomkaas bieslook,zuivel & eieren
Scharreleieren,zuivel & eieren
Scharreleieren 12st.,zuivel & eieren
Scharreleieren 6st,zuivel & eieren
Scharreleieren BL,zuivel & eieren
Scharreleieren XXL,zuivel & eieren
Skyr met vruchten,zuivel & eieren
Skyr to go pouncher,zuivel & eieren
Slagroom,zuivel & eieren
Smeltkaas cheddar plak.,zuivel & eieren
So Asia kokosmelk,zuivel & eieren
Spuitroom,zuivel & eieren
Sweet peppers roomkaas,zuivel & eieren
Vanillevla,zuivel & eieren
Vegan rasp,zuivel & eieren
Vegetarische kaassch,zuivel & eieren
Verse halfvolle melk,zuivel & eieren
Verse kruidenkaas,zuivel & eieren
Verse magere melk (PP),zuivel & eieren
Verse roomkaas,zuivel & eieren
Verse slagroom,zuivel & eieren
Verse slagroom 35%,zuivel & eieren
Verse volle melk (PP),zuivel & eieren
Volle melk houdbaar,zuivel & eieren
Volle weidemelk houd.,zuivel & eieren
Vrije uitloop eieren,zuivel & eieren
Vruchtenkwark,zuivel & eieren
Way to go eitjes,zuivel & eieren
Yoghurt grieks style,zuivel & eieren
Yoghurt Griekse style,zuivel & eieren
